">sp|Q6GZX4|001R_FRG3G Putative transcription factor 001R OS=Frog virus 3 (isolate Goorha) OX=654924 GN=FV3-001R PE=4 SV=1"
"MAFSAEDVLKEYDRRRRMEALLLSLYYPNDRKLLDYKEWSPPRVQVECPKAPVEWNNPPS"
"EKGLIVGHFSGIKYKGEKAQASEVDVNKMCCWVSKFKDAMRRYQGIQTCKIPGKVLSDLD"
"AKIKAYNLTVEGVEGFVRYSRVTKQHVAAFLKELRHSKQYENVNLIHYILTDKRVDIQHL"
"EKDLVKDFKALVESAHRMRQGHMINVKYILYQLLKKHGHGPDGPDILTVKTGSKGVLYDD"
"SFRKIYTDLGWKFTPL"
">sp|Q6GZX3|002L_FRG3G Uncharacterized protein 002L OS=Frog virus 3 (isolate Goorha) OX=654924 GN=FV3-002L PE=4 SV=1"
"MSIIGATRLQNDKSDTYSAGPCYAGGCSAFTPRGTCGKDWDLGEQTCASGFCTSQPLCAR"
"IKKTQVCGLRYSSKGKDPLVSAEWDSRGAPYVRCTYDADLIDTQAQVDQFVSMFGESPSL"
"AERYCMRGVKNTAGELVSRVSSDADPAGGWCRKWYSAHRGPDQDAALGSFCIKNPGAADC"
"KCINRASDPVYQKVKTLHAYPDQCWYVPCAADVGELKMGTQRDTPTNCPTQVCQIVFNML"
"DDGSVTMDDVKNTINCDFSKYVPPPPPPKPTPPTPPTPPTPPTPPTPPTPPTPRPVHNRK"
"VMFFVAGAVLVAILISTVRW"
">sp|Q197F8|002R_IIV3 Uncharacterized protein 002R OS=Invertebrate iridescent virus 3 OX=345201 GN=IIV3-002R PE=4 SV=1"
"MASNTVSAQGGSNRPVRDFSNIQDVAQFLLFDPIWNEQPGSIVPWKMNREQALAERYPEL"
"QTSEPSEDYSGPVESLELLPLEIKLDIMQYLSWEQISWCKHPWLWTRWYKDNVVRVSAIT"
"FEDFQREYAFPEKIQEIHFTDTRAEEIKAILETTPNVTRLVIRRIDDMNYNTHGDLGLDD"
"LEFLTHLMVEDACGFTDFWAPSLTHLTIKNLDMHPRWFGPVMDGIKSMQSTLKYLYIFET"
"YGVNKPFVQWCTDNIETFYCTNSYRYENVPRPIYVWVLFQEDEWHGYRVEDNKFHRRYMY"
"STILHKRDTDWVENNPLKTPAQVEMYKFLLRISQLNRDGTGYESDSDPENEHFDDESFSS"
"GEEDSSDEDDPTWAPDSDDSDWETETEEEPSVAARILEKGKLTITNLMKSLGFKPKPKKI"
"QSIDRYFCSLDSNYNSEDEDFEYDSDSEDDDSDSEDDC"
">sp|Q197F7|003L_IIV3 Uncharacterized protein 003L OS=Invertebrate iridescent virus 3 OX=345201 GN=IIV3-003L PE=4 SV=1"
"MYQAINPCPQSWYGSPQLEREIVCKMSGAPHYPNYYPVHPNALGGAWFDTSLNARSLTTT"
"PSLTTCTPPSLAACTPPTSLGMVDSPPHINPPRRIGTLCFDFGSAKSPQRCECVASDRPS"
"TTSNTAPDTYRLLITNSKTRKNNYGTCRLEPLTYGI"
">sp|Q6GZX2|003R_FRG3G Uncharacterized protein 3R OS=Frog virus 3 (isolate Goorha) OX=654924 GN=FV3-003R PE=3 SV=1"
"MARPLLGKTSSVRRRLESLSACSIFFFLRKFCQKMASLVFLNSPVYQMSNILLTERRQVD"
"RAMGGSDDDGVMVVALSPSDFKTVLGSALLAVERDMVHVVPKYLQTPGILHDMLVLLTPI"
"FGEALSVDMSGATDVMVQQIATAGFVDVDPLHSSVSWKDNVSCPVALLAVSNAVRTMMGQ"
"PCQVTLIIDVGTQNILRDLVNLPVEMSGDLQVMAYTKDPLGKVPAVGVSVFDSGSVQKGD"
"AHSVGAPDGLVSFHTHPVSSAVELNYHAGWPSNVDMSSLLTMKNLMHVVVAEEGLWTMAR"
"TLSMQRLTKVLTDAEKDVMRAAAFNLFLPLNELRVMGTKDSNNKSLKTYFEVFETFTIGA"
"LMKHSGVTPTAFVDRRWLDNTIYHMGFIPWGRDMRFVVEYDLDGTNPFLNTVPTLMSVKR"
"KAKIQEMFDNMVSRMVTS"
">sp|Q6GZX1|004R_FRG3G Uncharacterized protein 004R OS=Frog virus 3 (isolate Goorha) OX=654924 GN=FV3-004R PE=4 SV=1"
"MNAKYDTDQGVGRMLFLGTIGLAVVVGGLMAYGYYYDGKTPSSGTSFHTASPSFSSRYRY"
">sp|Q197F5|005L_IIV3 Uncharacterized protein 005L OS=Invertebrate iridescent virus 3 OX=345201 GN=IIV3-005L PE=3 SV=1"
"MRYTVLIALQGALLLLLLIDDGQGQSPYPYPGMPCNSSRQCGLGTCVHSRCAHCSSDGTL"
"CSPEDPTMVWPCCPESSCQLVVGLPSLVNHYNCLPNQCTDSSQCPGGFGCMTRRSKCELC"
"KADGEACNSPYLDWRKDKECCSGYCHTEARGLEGVCIDPKKIFCTPKNPWQLAPYPPSYH"
"QPTTLRPPTSLYDSWLMSGFLVKSTTAPSTQEEEDDY"
">sp|Q6GZX0|005R_FRG3G Uncharacterized protein 005R OS=Frog virus 3 (isolate Goorha) OX=654924 GN=FV3-005R PE=4 SV=1"
"MQNPLPEVMSPEHDKRTTTPMSKEANKFIRELDKKPGDLAVVSDFVKRNTGKRLPIGKRS"
"NLYVRICDLSGTIYMGETFILESWEELYLPEPTKMEVLGTLESCCGIPPFPEWIVMVGED"
"QCVYAYGDEEILLFAYSVKQLVEEGIQETGISYKYPDDISDVDEEVLQQDEEIQKIRKKT"
"REFVDKDAQEFQDFLNSLDASLLS"
">sp|Q91G88|006L_IIV6 Putative KilA-N domain-containing protein 006L OS=Invertebrate iridescent virus 6 OX=176652 GN=IIV6-006L PE=3 SV=1"
"MDSLNEVCYEQIKGTFYKGLFGDFPLIVDKKTGCFNATKLCVLGGKRFVDWNKTLRSKKL"
"IQYYETRCDIKTESLLYEIKGDNNDEITKQITGTYLPKEFILDIASWISVEFYDKCNNII"
"INYFVNEYKTMDKKTLQSKINEVEEKMQKLLNEKEEELQEKNDKIDELILFSKRMEEDRK"
"KDREMMIKQEKMLRELGIHLEDVSSQNNELIEKVDEQVEQNAVLNFKIDNIQNKLEIAVE"
"DRAPQPKQNLKRERFILLKRNDDYYPYYTIRAQDINARSALKRQKNLYNEVSVLLDLTCH"
"PNSKTLYVRVKDELKQKGVVFNLCKVSISNSKINEEELIKAMETINDEKRDV"
">sp|Q6GZW9|006R_FRG3G Uncharacterized protein 006R OS=Frog virus 3 (isolate Goorha) OX=654924 GN=FV3-006R PE=4 SV=1"
"MYKMYFLKDQKFSLSGTIRINDKTQSEYGSVWCPGLSITGLHHDAIDHNMFEEMETEIIE"
"YLGPWVQAEYRRIKG"
">sp|Q6GZW8|007R_FRG3G Uncharacterized protein 007R OS=Frog virus 3 (isolate Goorha) OX=654924 GN=FV3-007R PE=4 SV=1"
"MRSIKPLRCCNAHGRHVSQEYGRCTLLLFREKLFLQTGLVCNKQCNAPNNDGAESKHHGI"
"HHGSRGALALRGAGVHLLASAALGPRVLAGLVPTGRSVQGSVGQCGRVAQIGRARDVAAR"
"KQESYCEK"
">sp|Q197F3|007R_IIV3 Uncharacterized protein 007R OS=Invertebrate iridescent virus 3 OX=345201 GN=IIV3-007R PE=4 SV=1"
"MEAKNITIDNTTYNFFKFYNINQPLTNLKYLNSERLCFSNAVMGKIVDDASTITITYHRV"
"YFGISGPKPRQVADLGEYYDVNELLNYDTYTKTQEFAQKYNSLVKPTIDAKNWSGNELVL"
"LVGNEWYCKTFGKAGSKNVFLYNMIPTIYRDEPQHQEQILKKFMFFNATKNVEQNPNFLD"
"NVPEEYYHLLLPKSWVEKNLSDKYRKIMETEHKPLVFSCEPAFSFGLCRNTQDKNESYQL"
"SLCLYEREKPRDAEIVWAAKYDELAAMVRDYLKKTPEFKKYRSFISCMKGLSWKNNEIGD"
"KDGPKLYPKVIFNRKKGEFVTIFTKDDDVEPETIEDPRTILDRRCVVQAALRLESVFVHN"
"KVAIQLRINDVLISEWKEASSKPQPLILRRHRFTKPSSSVAKSTSPSLRNSGSDESDLNQ"
"SDSDKEDERVVPVPKTKRIVKTVKLPN"
">sp|Q197F2|008L_IIV3 Uncharacterized protein 008L OS=Invertebrate iridescent virus 3 OX=345201 GN=IIV3-008L PE=4 SV=1"
"MSFKVYDPIAELIATQFPTSNPDLQIINNDVLVVSPHKITLPMGPQNAGDVTNKAYVDQA"
"VMSAAVPVASSTTVGTIQMAGDLEGSSGTNPIIAANKITLNKLQKIGPKMVIGNPNSDWN"
"NTQEIELDSSFRIVDNRLNAGIVPISSTDPNKSNTVIPAPQQNGLFYLDSSGRVWVWAEH"
"YYKCITPSRYISKWMGVGDFQELTVGQSVMWDSGRPSIETVSTQGLEVEWISSTNFTLSS"
"LYLIPIVVKVTICIPLLGQPDQMAKFVLYSVSSAQQPRTGIVLTTDSSRSSAPIVSEYIT"
"VNWFEPKSYSVQLKEVNSDSGTTVTICSDKWLANPFLDCWITIEEVG"
">sp|Q6GZW6|009L_FRG3G Putative helicase 009L OS=Frog virus 3 (isolate Goorha) OX=654924 GN=FV3-009L PE=4 SV=1"
"MDTSPYDFLKLYPWLSRGEADKGTLLDAFPGETFEQSLASDVAMRRAVQDDPAFGHQKLV"
"ETFLSEDTPYRELLLFHAPGTGKTCTVVSVAERAKEKGLTRGCIVLARGAALLRNFLHEL"
"VFNCGTGGRYIPEGYADMGDQERTRKMRKAVSSYYQFRTYETFAKSVATMSAEAIRARYD"
"RFVIVMDEVHHLRSVQAEGVNTYSAISRFLRTVRGCVKMLLTGTPMTNEPGELADVLNLI"
"LPQDKTIRPEDGIFSNSGDLLKPDELAERVRGRVSYLKAARPDAGLTFAGEVLGGTGMTH"
"LRLVRLEMSAFQSDAYASAWDQDAGDRNIFSNSRQCSLAVMPDRRWGSAAEARNPSQVRR"
"MAGQNLAEYSVKYDYLVRVASSSPKTFAYCEYVNGSGLSLLSDILLANGWRRATGRETTP"
"GKRFALLTASQKNIHKIVQRFNHEDNVDGAYISLLLGSRVVAEGLTFKEVRHTVILTPHW"
"NYTETAQAIARSWRAGSHDRLKARGEAVAVTVHRLVAVPRGRDTPRSIDSDMYAVSEVKD"
"KRIKAVERILMTSAADCSLLRSRNLYPSEFDGSRECEYGRCAYRCSNVSVEPGPLPALLG"
"ASAAEAVAQVRLDGGGDPAIMKVDMSTLWAEVTAGRRYVNRWGDGAVLRAEGGRLELSAP"
"YGSSEEGRWGDFYKTRNLCYAKMDQDHLRADDLRDSLPQEVEELLTVSPVETIGETASAM"
"PQEVATAILMACVQARADGKTLNVVRRDALLDFYKGFYAMGPSGWTVWLHARGANAKVYD"
"GRRWNPADEDTLEFLAARSAKFTDTRIGYYGLYNPNLKDFCIRDVTQGKRDKVDLRKLTV"
"GRRCVDWDQRTLVHIVARLMKIDGRRDFMPHATLREMRELAEQDPLHEPSDLTSKEACRR"
"FLFWTQKGDNKFRRQDICKAMEKWFIENDLMEDNFDCGHQHKRRGKFA"
">sp|Q91G85|009R_IIV6 Uncharacterized protein 009R OS=Invertebrate iridescent virus 6 OX=176652 GN=IIV6-009R PE=3 SV=1"
"MIKLFCVLAAFISINSACQSSHQQREEFTVATYHSSSICTTYCYSNCVVASQHKGLNVES"
"YTCDKPDPYGRETVCKCTLIKCHDI"
">sp|Q6GZW5|010R_FRG3G Uncharacterized protein 010R OS=Frog virus 3 (isolate Goorha) OX=654924 GN=FV3-010R PE=4 SV=1"
"MKMDTDCRHWIVLASVPVLTVLAFKGEGALALAGLLVMAAVAMYRDRTEKKYSAARAPSP"
"IAGHKTAYVTDPSAFAAGTVPVYPAPSNMGSDRFEGWVGGVLTGVGSSHLDHRKFAERQL"
"VDRREKMVGYGWTKSFF"
">sp|Q197E9|011L_IIV3 Uncharacterized protein 011L OS=Invertebrate iridescent virus 3 OX=345201 GN=IIV3-011L PE=4 SV=1"
"MMESPKYKKSTCSVTNLGGTCILPQKGATAPKAKDVSPELLVNKMDNLCQDWARTRNEYN"
"KVHIEQAPTDSYFGVVHSHTPKKKYTSRDSDSEPEATSTRRSATAQRAANLKSSPVDQWS"
"TTPPQPQPQPAAPTVKKTCASSPPAALSVKRTCTSPPPPPVLIDDDTGEDAFYDTNDPDI"
"FYDIENGVSELETEGPKRPVYYQRNIRYPIDGSVPQESEQWYDPIDDEFLASSGDVVSLE"
"PSPIAAFQPTPPKTVQFVPMPEEIIVPPPPPPKTVVDEGVQAMPYTVDQMIQTDFEESPL"
"LANVNLRTIPIEEVNPNFSPVLMQDMVRDSFVFGTVAQRVMASQRVKQFFKELIEQDVSL"
"AGRMCMDSGSPQLNLYNSLMGVKLLYRWRSSTTFYRAIVPEIDEPVQVMQDVLSSSEWAK"
"FDSQAGIPPKMVYIHYKLLNDLVKTLICPNFQLTHAALVCVDCRPEAVGSDGLQDGRQRR"
"CSNLVSEYHEMTLEDLFNTIKPADLNAKNIILSVLFQMLYAVATVQKQFGMGGLFANADS"
"VHVRRIQPGGFWHYTVNGLRYSVPNYGYLVILTNFTDVVNYRPDFATTRYFGRRQAKVVP"
"TRNWYKFVPFTTRYRPFVTVDPITQAKTTAYAPNPPTEGITINEFYKDSSDLRPSVPVDL"
"NDMITFPVPEFHLTICRLFSFFSKFYDSNFIGNDPFVRNLVDRYSQPFEFPDVYWPEDGV"
"SRVLACYTIEEIYPNWVDGDTDYVIESYNLD"
">sp|Q6GZW4|011R_FRG3G Uncharacterized protein 011R OS=Frog virus 3 (isolate Goorha) OX=654924 GN=FV3-011R PE=4 SV=1"
"MTSVKTIAMLAMLVIVAALIYMGYRTFTSMQSKLNELESRVNAPQLRPPVMSPIVPLNFI"
"ESEDLDKELD"
">sp|Q6GZW3|012L_FRG3G Uncharacterized protein 012L OS=Frog virus 3 (isolate Goorha) OX=654924 GN=FV3-012L PE=4 SV=1"
"MCAKLVEMAFGPVNADSPPLTAEEKESAVEKLVGSKPFPALKKKYHDKVPAQDPKYCLFS"
"FVEVLPSCDIKAAGAEEMCSCCIKRRRGQVFGVACVRGTAHTLAKAKQKADKLVGDYDSV"
"HVVQTCHVGRPFPLVSSGMAQETVAPSAMEAAEAAMDAKSAEKRKERMRQKLEMRKREQE"
"IKARNRKLLEDPSCDPDAEEETDLERYATLRVKTTCLLENAKNASAQIKEYLASMRKSAE"
"AVVAMEAADPTLVENYPGLIRDSRAKMGVSKQDTEAFLKMSSFDCLTAASELETMGF"
">sp|Q197E7|013L_IIV3 Uncharacterized protein IIV3-013L OS=Invertebrate iridescent virus 3 OX=345201 GN=IIV3-013L PE=4 SV=1"
"MYYRDQYGNVKYAPEGMGPHHAASSSHHSAQHHHMTKENFSMDDVHSWFEKYKMWFLYAL"
"ILALIFGVFMWWSKYNHDKKRSLNTASIFY"
">sp|Q6GZW2|013R_FRG3G Uncharacterized protein 013R OS=Frog virus 3 (isolate Goorha) OX=654924 GN=FV3-013R PE=4 SV=1"
"MANSVAFSSMTWYSPLASDNLYDICVDKVHNRVLCLCHSFGCCTNAVVIWILPSFDEFTP"
"QTLSCKGP"
">sp|Q6GZW1|014R_FRG3G Uncharacterized protein 014R OS=Frog virus 3 (isolate Goorha) OX=654924 GN=FV3-014R PE=4 SV=1"
"METLVQAYLDIQGKIAEFRREIKALRVEEKAITANLFEAMGEAGVESIRISEDRYLVAEE"
"KPKRTRSKQQFYQAAEGEGFTQEDVDRLMSLSRGAVTGSSSNVKIRKSAPARNEEDDDG"
">sp|Q6GZW0|015R_FRG3G Uncharacterized protein 015R OS=Frog virus 3 (isolate Goorha) OX=654924 GN=FV3-015R PE=4 SV=1"
"MEQVPIKEMRLSDLRPNNKSIDTDLGGTKLVVIGKPGSGKSTLIKALLDSKRHIIPCAVV"
"ISGSEEANGFYKGVVPDLFIYHQFSPSIIDRIHRRQVKAKAEMGSKKSWLLVVIDDCMDN"
"AKMFNDKEVRALFKNGRHWNVLVVIANQYVMDLTPDLRSSVDGVFLFRENNVTYRDKTYA"
"NFASVVPKKLYPTVMETVCQNYRCMFIDNTKATDNWHDSVFWYKAPYSKSAVAPFGARSY"
"WKYACSKTGEEMPAVFDNVKILGDLLLKELPEAGEALVTYGGKDGPSDNEDGPSDDEDGP"
"SDDEEGLSKDGVSEYYQSDLDD"
">sp|Q6GZV8|017L_FRG3G Uncharacterized protein 017L OS=Frog virus 3 (isolate Goorha) OX=654924 GN=FV3-017L PE=4 SV=1"
"METMSDYSKEVSEALSALRGELSALSAAISNTVRAGSYSAPVAKDCKAGHCDSKAVLKSL"
"SRSARDLDSAVEAVSSNCEWASSGYGKQIARALRDDAVRVKREVESTRDAVDVVTPSCCV"
"QGLAEEAGKLSEMAAVYRCMATVFETADSHGVREMLAKVDGLKQTMSGFKRLLGKTAEID"
"GLSDSVIRLGRSIGEVLPATEGKAMRDLVKQCERLNGLVVDGSRKVEEQCSKLRDMASQS"
"YVVADLASQYDVLGGKAQEALSASDALEQAAAVALRAKAAADAVAKSLDSLDVKKLDRLL"
"EQASAVSGLLAKKNDLDAVVTSLAGLEALVAKKDELYKICAAVNSVDKSKLELLNVKPDR"
"LKSLTEQTVVVSQMTTALATFNEDKLDSVLGKYMQMHRFLGMATQLKLMSDSLAEFQPAK"
"MAQMAAAASQLKDFLTDQTVSRLEKVSAAVDATDVTKYASAFSDGGMVSDMTKAYETVKA"
"FAAVVNSLDSKKLKLVAECAKK"
">sp|Q6GZV7|018L_FRG3G Uncharacterized protein 018L OS=Frog virus 3 (isolate Goorha) OX=654924 GN=FV3-018L PE=3 SV=1"
"MQNSKTDMCAALWAVTGLVLNVAVRFALEPFKESMGQGWHTAARVAVNGAIVLALADRLS"
"DSPVTMTLFVMALSASPE"
">sp|Q6GZV6|019R_FRG3G Putative serine/threonine-protein kinase 019R OS=Frog virus 3 (isolate Goorha) OX=654924 GN=FV3-019R PE=3 SV=1"
"MATNYCDEFERNPTRNPRTGRTIKRGGPVFRALERECSDGAARVFPAAAVRGAAAARAAS"
"PRVAAASPCPEFARDPTRNPRTGRPIKRGGPVFRALERECADYGGASPRRVSPARAFPNR"
"RVSPARRQSPAEAAEASPCPEFARDPTRNPRTGRTIKRGGPTYRALEAECADYGRLSPIR"
"SPWSDWSSTGLSPFRSHMRKSPARRSPARRSPARRSLARYTEHLTSDSETEVDYDARNVI"
"RSQVGPGGVCERFAADPTRNPVTGSPLSRNDPLYTDLMEICKGYPDTPLTKSLTGEGTDD"
"DTCEAFCRDPTRNPVTGQKMRRNGIEYQMFAEECDCSGISRPSGVSRTSGTSGSSGSSAS"
"SRPPNSFEAPGASSRPPNSFEASGAARVPGTPSVSRGEPRWMSSISTRHNYDESNPMSVA"
"FRLRHVKDIRKFLRTVRPGRSGFCATDKGGWLGSAAVSDNVIGQGSWGSVHMVKFRDFPE"
"EFVVKEAVLMSVSEKHRYKPTVVWDEWAAGSVPDEVVVNNMVTEIAATGMTPFVPLTAGA"
"GACDSCNPQLLEKAAKVTKCYLQAMEAADFSLDRVLPTMSPDQAASALAQILLGLQSLQT"
"TLGIMHNDIKAHNILVKRVPPGGYWKVTDSFNGQVFYIPNEGYLCMLADYGVVRLVKPAV"
"GMDTLYGTRNARFVPRDVGRWGKGAGTEYVVTPIRSKISVVVRGGRFVGVEPNKAVRYWK"
"NTDTSKVGDVITTNNVFYMGYDIEPDMQVQLDDTNSFPVWESRGDVADCVRTFVGGKRAS"
"QPGFHRLFYKKTGSAWEKAAETVAKQNPLFSGFTLDGSGLKYIRAATACAYIFPGMAVPR"
"PGEREIESFTM"
">sp|Q6GZV5|020R_FRG3G Uncharacterized protein 020R OS=Frog virus 3 (isolate Goorha) OX=654924 GN=FV3-020R PE=4 SV=1"
"MLQNYAIVLGMAVAVAIWYFFKIEEEAPPGPNPPKPDPPKPDPPKMHMPKKKPHWMDPHL"
"TGSQTVQYSRNRSMGDPIRGDLPIIPRDDGWFSTAANPAHTLHAGALSMIAPASTGGGLT"
"VNKLISAYADKGNAMSGRHNSPSYYGSS"
">sp|Q6GZV4|021L_FRG3G Uncharacterized protein 021L OS=Frog virus 3 (isolate Goorha) OX=654924 GN=FV3-021L PE=4 SV=1"
"METIVLVPRQDQETFSDSRPVLDGDLMLEFLENKIRHPVRRRQPRVVPVTSSDPEVVDDE"
"DDEDQSDDSDEERQRLYFQYMVLKRMYPTEVIPEMTTYSNVAIMREKYKLLTRRLSLDKH"
"INEWKKYIIVGMCIMELVMTKLNFDASGFARYQIKSLGAYDQLLAEMADKYYEATPQSSV"
"EMRLMTTMGMNMAVFMLGKLLGGQMDFLGLLENAFGSSS"
">sp|Q197D8|022L_IIV3 Transmembrane protein 022L OS=Invertebrate iridescent virus 3 OX=345201 GN=IIV3-022L PE=4 SV=1"
"MSFVHKLPTFYTAGVGAIIGGLSLRFNGAKFLSDWYINKYNDSVPAWSLQTCHWAGIALY"
"CVGWVTLASVIYLKHRDNSILKGSILSCIVISAVWSILEYNQDMFVSNPKLPLISCAMLV"
"SSLAALVALKYHIKDIFTILGAAIIIILAEYVVLPYQRQYNIVDGIGLPLLLLGFFILYQ"
"VFSVPNPSTPTGVMVPKPEDEWDIEMAPLNHRDRQVPESELENVK"
">sp|Q6GZV2|023R_FRG3G Uncharacterized protein 023R OS=Frog virus 3 (isolate Goorha) OX=654924 GN=FV3-023R PE=4 SV=1"
"MRVSQTSWIVSRMLEYPRGGFFYSTDMACMMEGLAEELAGGHKDEVLIVSGRNGDDEVFK"
"EFPNVRAADGLKGPNSIDPETKLVLIIDVSPTAISNALAATLQEFLIPVWVFCNHTRTLT"
"ASVTRRLGYKLWPKGTYTPYICEKAGVSEVVTYNQPESEKFVAFMSAARQIMDKRKSKKT"
"MQELAFLPHLAFAEIAMEGDQEMTPTLTAKKVSDIKDEQVNELASAMFRTGKLSHLDMLS"
"VPDCVYSCGEALKREVAKAKANRERFVVALRNAQYKKYTAGLLEAGTPVKTFTEVIKNWG"
"AYDTIFLPMGVDWTYTGGSNLIRMMMTPGSHKTVTFVPESDDVHEFCHNKPTVNTMGVES"
"AATGLAAELNRRWRRDNPVDAS"
">sp|Q197D7|023R_IIV3 Uncharacterized protein 023R OS=Invertebrate iridescent virus 3 OX=345201 GN=IIV3-023R PE=4 SV=1"
"MGSYMLFDSLIKLVENRNPLNHEQKLWLIDVINNTLNLEGKEKLYSLLIVHNKQQTKIYD"
"PKEPFYDIEKIPVQLQLVWYEFTKMHLKSQNEDRRRKMSLYAGRSP"
">sp|Q6GZV1|024R_FRG3G Uncharacterized protein 024R OS=Frog virus 3 (isolate Goorha) OX=654924 GN=FV3-024R PE=3 SV=1"
"MWQYLPILLMTMISQLEWTVAAVKRYPAGGFITGDKLSRVFEALPWRVAVVSDEPEKYEG"
"FPILTEEDPAVFEDADCILFAVSDPKCVTGAMKSVFMASSKTAWVVYDGTETRATVRSWM"
"RRLWRAETYVPLLTHRGFVTDVCVYSQPDSERYVSVMTATAHFYSNRLEVLEEMAFVPHL"
"AYAKLAMGRYTVLDGCMSVKGSADVAPLNRSMWFLTAAAIPHGEIDTDSLFSDPGAVYSC"
"GSALREALGSLPEGSTSVVAVRNSSYRKYVRGILGPNFRVETFTNVVKTWGVYDYVLLPM"
"GISDSYKQGRDLMEKLEMPGGHRVVTFAPENYTVNEVHLNRPLKYAIKRMDLITPMVLRH"
"VSLNK"
">sp|Q197D5|025R_IIV3 Uncharacterized protein 025R OS=Invertebrate iridescent virus 3 OX=345201 GN=IIV3-025R PE=3 SV=1"
"MNYSVIWAITILILGLVLTLAWARQNPTHPINPLVLNYHTKPSPKRHRMVLVVESFASVD"
"ALVELVENILSQTIRVASITVVSQRPDHLRQVPLLHQTCTFSRASGLSALFKETSGTLVV"
"FISKEGFHHFQSPTLLETIDQRGVTAEQTLPGIVLRNTDMPGIDLTTVYRQQRLGLGN"
">sp|Q91G70|026R_IIV6 Uncharacterized protein 026R OS=Invertebrate iridescent virus 6 OX=176652 GN=IIV6-026R PE=4 SV=1"
"MAISFFSDTSYIIKSILLISLFSIIPLEDEVTKLKSSSLRETSELNKEEGITTCLYTFN"
">sp|Q6GZU9|027R_FRG3G Uncharacterized protein 027R OS=Frog virus 3 (isolate Goorha) OX=654924 GN=FV3-027R PE=4 SV=1"
"MANFLQDVNCETVSEYDGPDASIPEGVWEGYVGHDHAALWRTWSYIYECCKKGTLVQFRG"
"GKLVTFSMFDNPRFSNGAGIDAQKVLDLEDRARELQGYGPVNRRTDVMPVDRWTLNGPLL"
"RYDKMVLEDVGGTGSNRTMVRAQLEALQDERDVPDCDFILNVRDYPLLRRDGTRPYPQVY"
"GKGRRLPEPWARGGPHVPVVSMCSGPTYADIAVPTYECIAHAYTSSGRTLPAGGRFVKTP"
"SADSLPAWRDRKALAVFRGSSTGAGTSTEDNQRLRALQISMSRPDLADVGITKWNLRPRK"
"TERYDGYRIIEPWQFGRKSPYPAAAKPMTPEQIAGYKYVLCLWGHAPAFRLARDLSLGSV"
"VLLPSRPPGQEGLDMWHSSVLKPWTHYIPVRGDLSDLEKRIEWCRDNDAECEKIAAAGME"
"ASLNLLGWEGQLDRWMDVLRSVRLECCPGGYDMPPSPSLVSDSMCVRQMVSFPRYEDIPQ"
"PSSPMPVLPRCSGTLRGWGLAASLGWDLGDAAEVLNVKRSTAVLSKTVFNNLIYRTPHLR"
"YTFGVAASDPESTAAVILSEKLKGAVTMRSWLEDSRAWARGRNVASVLCQVSQALLEAQA"
"AAGTVFGDLSLDTILVVPNPLPEYIYHDGTGGSFGLKLMPGDKWAVVTYGDYTRARIRVL"
"KGDGRKGHLAVVGPQPVYTKLSERKWHDICCLVSCILRTARTSKRPAARALAAAVARAAG"
"VKRPDMDAEALEATPYEAREEPLTRFGPAEFINGLVREFKLEEGGWAWTEKNKNIEKVLR"
"PWERGLPLYPVRLWLSGDRKEAMRACVSSVLKAAPPRPATAAGAHHTFQTYLRTVGADLD"
"SFPEWAAAAAHLKRLWKSPGSLPAGSASLRAPSVPPPCHGPAWALPFGTRTPGEFPSWFD"
"PSCLGDWTEAMGQGAPLDLENGPAKAGSDPVAVHSAWETASQLSFEEDGWTESEPRPVRR"
"EAHVRAKERH"
">sp|Q6GZU8|028R_FRG3G Uncharacterized protein 028R OS=Frog virus 3 (isolate Goorha) OX=654924 GN=FV3-028R PE=4 SV=1"
"MDPNVLKNLSLMLSRRAGVSGGEPPRMIEWPEYGQRSEPCGSQTVWYVDRPVGAPFIKAF"
"ASEVEERGGGILIHAGKVTFDSAKKLAAMKEVQVFDVKYFSFDLMAVVPEHSLWKRPGDK"
"GYPEKTAQSFPKIMASDPVCRYHGFRPRDLVHVKPHDVYIVC"
">sp|Q197D2|028R_IIV3 Uncharacterized protein 028R OS=Invertebrate iridescent virus 3 OX=345201 GN=IIV3-028R PE=4 SV=1"
"MDQYITLVELYIYDCNLFKSKNLKSFYKVHRVPEGDIVPKRRGGQLAGVTKSWVETNLVH"
"FPLWLSEWDETRWGVLNHYPLESWLEKNVSSKVPVNPVMWNFDSECLVYFFHNGRRTPFL"
"TPKGVVKLQVFYNLMSGKEVEWFYEISNGFLKPHLHQLSNVRELVRLKHAPVVVGAGGPR"
"LVTEGVYSLRDDDFVVDCSQIAAVKRAIERGESHQSLRKYQCPLFVALTDKFQDTVKLVE"
"KKFEVQLNELKAETTIQVLREQLRQEKKLKEQVLSLTQSFIPTIGGRGEEFGKPDETPSS"
"ASVGDDNFPSSTNHTFEARRRPSSLSSGGALKPSKIL"
">sp|Q6GZU7|029L_FRG3G Uncharacterized protein 029L OS=Frog virus 3 (isolate Goorha) OX=654924 GN=FV3-029L PE=4 SV=1"
"MRRMRSGFKHCAIPIDICRWEYILSPLILQDLQGPQQGGSVAVDVTVRCSVRFVHLPHYG"
"GFNHGTVQRRVDPDDCRILRQLHIVLSLRLCLIDRDRL"
">sp|Q91G67|029R_IIV6 Uncharacterized protein 029R OS=Invertebrate iridescent virus 6 OX=176652 GN=IIV6-029R PE=4 SV=1"
"MVERLGIAVEDRSPKLRKQAIRERFVLFKKNTERVEKYEYYAIRGQSIYINGRLSKLQSE"
"RYPKMIILLDIFCQPNPRNLFLRFKERIDGKSEWENNFTYAGNNIGCTKEMESDMIRIFN"
"ELDDEKRDV"
">sp|Q197D0|030L_IIV3 uncharacterized protein 030L OS=Invertebrate iridescent virus 3 OX=345201 GN=IIV3-030L PE=4 SV=1"
"MHPTLKSNAGEWSQPIVNLFYSNFSGNCKALLQYIDNAGITDHIPIKFINVDNPTMRSVV"
"SAKISHVPALVVLQDDQMSLYVAESVWEWFDNYRTPPPLADGATVDSQASENGEKEAQPT"
"PPKEGLLTVLELAKQMRKEREQQT"
">sp|Q6GZU6|030R_FRG3G Uncharacterized protein 030R OS=Frog virus 3 (isolate Goorha) OX=654924 GN=FV3-030L PE=4 SV=1"
"MSLYLLLGLKILRYLKMVIVLRCHSAFLLSVKFLREKRRLKMYLGIMLGF"
">sp|Q6GZU5|031R_FRG3G Uncharacterized protein 031R OS=Frog virus 3 (isolate Goorha) OX=654924 GN=FV3-031R PE=4 SV=1"
"MDTPCKLFCIELKEGYVPGTVSHNHMMPYFLAGSGWPVEITFHAATVELKTQEDFPPAIG"
"IGIHNMTGVPVVETPHSGRMHFVFIFHSKSGRFSATYKCIPVPVVVRDYKTVASVSLTTL"
"SLEDIVGVKLFGTACDRSS"
">sp|Q6GZU4|032R_FRG3G Uncharacterized protein 032R OS=Frog virus 3 (isolate Goorha) OX=654924 GN=FV3-032R PE=4 SV=1"
"MVTVTELRATAKNLGIRGYSTMRKAELEEAIRDHGRVSEARVASPRRSPARSPRKSPAGR"
"KSPSKSPAGRKSPSKSPAGRKSPSKSPAGRKSPSKSPAGRKSPSKSPAGRKSPSKSPVRK"
"SPSKSPVRKSPRKSPAAKLQAGDRPASMNICKNLPKQRLVDIATEMGIDLNRESDGKPKT"
"KDQLCADIMGGAGRKSPRKSPSRSPVRKSPSRSPVRKSPVRSPRKSPVRVPSPVRSPVKE"
"KTPVRSPARSEDAGSDLAPRPRRGKAVRLDYDEDDDYSYGASTDNLFSGNKEIPFPTRKR"
"RTRKPEKVFVDVRSPHTLTDSEDEDDMVEVPELEDKEITMPGVLSPYSDEIVERGYVSQG"
"GADYINYIYRTEYALESDESFARGARPKTNKRDSDRAVREAAAAAAIARALDRRSQSGND"
"EPAVRRRSAPTDSSRESRRDREPQRDIAEPQRDIAEPQRDIAEPQRDIAEPRKVRFREAG"
"SADVRVFERDEPKEYGRVPVRPPLFMPAGEPLQPLKFRPKTPKIDDTIHRAQMVLPSKPS"
"QKETDNYYKQFAGEAVRPSEPVQWDKDDQVLYHKVPAWDDSSYAAAVSAWPMSVDPKQAE"
"SVFAEFEQLSAQDSDLIKVRKSIMKALGY"
">sp|Q197C8|032R_IIV3 Uncharacterized protein 032R OS=Invertebrate iridescent virus 3 OX=345201 GN=IIV3-032R PE=4 SV=1"
"MKLMLEIVKNISEPVGKLAIWFNETYQVDVSETINKWNELTGMNITVQENAVSADDTTAE"
"ETEYSVVVNENPTRTAARTRKESKTAAKPRKMQIPKTKDVCQHIFKSGSRAGEQCTTKPK"
"NNALFCSAHRVRNSVTSNATEASEKTVAKTNGTAAPQKRGVKSKSPTVIPSDFDDSDSSS"
"SATRGLRKAPTLSPRKPPPTTTTASSAQEEEDEQQAHFSGSSSPPPKNNGNGAVYSDSSS"
"DEDDDDAHHTTVIPLLKKGARKPLDENVQFTSDSSDEED"
">sp|Q91G65|032R_IIV6 Uncharacterized protein 032R OS=Invertebrate iridescent virus 6 OX=176652"
"You see the first 17 KB above and the last 18 KB below. The remaining 279 MB (99%) of the file are not displayed."
"OS=Schizosaccharomyces pombe (strain 972 / ATCC 24843) OX=284812 GN=zym1 PE=1 SV=1"
"MEHTTQCKSKQGKPCDCQSKCGCQDCKESCGCKSSAVDNCKCSSCKCASK"
">sp|Q8GSP8|ZYS3_CHLRE Zygote-specific protein 3 OS=Chlamydomonas reinhardtii OX=3055 GN=ZYS3 PE=2 SV=1"
"MLRSAGRVAAVALLALFALGCVSAAAKPSTDRLVAAIKSKNLSAVVDALSVKGLDVNTPD"
"STRRLPLVEAARSRDARLVGALLDQGALARVSDGTTTPLHLSMQGGSAAIVKLLLAHGAD"
"PNAKDKTGASARSTAAAVKELADLLKQWDARGAMAFEDEPGAWIREERDGQSYYWKPANG"
"ESRWAVPPSCAWQRVTVQGHPIKYINSLTGQETTRVPPALAWARVTAADGSALWLNWASR"
"VASAAATAPAELPAELAAELAMHPNRRWYNTATREYVYTDPAYATPWRELVDEASGAPFF"
"FNVETGDTTWELPAALAWTEVIESSSGADGESGSGSEAGPRYFHNTVSGEVAWSAPEGSR"
"HVFVEASAADL"
">sp|Q9U3F4|ZYX_CAEEL Zyxin OS=Caenorhabditis elegans OX=6239 GN=zyx-1 PE=1 SV=1"
"MGPPPPPPPPPLLPSGEILPSRKWKTEDAPRRNNHPAPAPPKPSRPTVDASALQHAAARL"
"RKTGYNEPVRGDVENLSDGRLDRPHQQLPDGDRTYRANLQQLAQPKTRAEIPSPPTYSNQ"
"PRPLGDFHRDPNALSQFQQSREALLSSTSPTSNYSPINKFSSSTLTQYANKSPSPPSFGN"
"SNSEATYVSPYSSKHSYPTNFRSYHKDDDYFNNTATTATTTTSSNSLNENNNSNKYGNKE"
"TVLQWSEPYDPSKIRRSQSPIRNAREMIHEYSTTNYVTEVQQPPPPPPDLYQRMTQARTF"
"LQNSLAKQLRDEGLTESQKAANRNQTGALSASSSIPFDASQIVKNSYNGDEVDHLVHQMR"
"TKLNQPADTSPSIVQYPRRQAPDSSRANYSATTSTSFSSSTTRKIMNINICVGCGKEITG"
"DQPGCNAMNQIFHVDCFKCGQCSKTLAGASFYNIDDKPTCEGCYQNSLEKCTACNRAISD"
"KLLRACGGVYHVNCFVCFSCKKSLDGIPFTLDKDNNVHCVPCFHDKFAPRCALCSKPIVP"
"QDGEKESVRVVAMDKSFHVDCYKCEDCGMQLSSKLEGQGCYPIDNHLLCKTCNGNRLRVV"
"SST"
">sp|Q04584|ZYX_CHICK Zyxin OS=Gallus gallus OX=9031 GN=ZYX PE=1 SV=1"
"MASPGTPGTRMTTTVSINISTPSFYNPQKKFAPVVAPKPKVNPFKTGGTSESSQPQPPGT"
"GAQRAQIGRVGEIPVSVTAEELPLPPPPPPGEELSFSSNCAFPPPPPPFEEPFPPAPDEA"
"FPSPPPPPPPMFDEGPALQIPPGSTGSVEKPLAPKAHVEISSAPRDPTPPFPSKFTPKPS"
"GTLSSKPPGLDSTPAPAPWAAPQQRKEPLASVPPPPSLPSQPTAKFTPPPVASSPGSKPG"
"ATVPMAPSNSTRYPTSLQTQFTAPSPSGPLSRPQPPNFTYAQQWERPQVQEKPVPTEKSA"
"AVKDMRRPTADPPKGNSPLTMKEVEELELLTQKLMKDMDHPPPVEAATSELCGFCRKPLS"
"RTQPAVRALDCLFHVECFTCFKCEKQLQGQQFYNVDEKPFCEDCYAGTLEKCSVCKQTIT"
"DRMLKATGNSYHPQCFTCVMCHTPLEGASFIVDQANQPHCVDDYHRKYAPRCSVCSEPIM"
"PEPGKDETVRVVALEKNFHMKCYKCEDCGRPLSIEADENGCFPLDGHVLCMKCHTVRAKT"
"AC"
">sp|Q15942|ZYX_HUMAN Zyxin OS=Homo sapiens OX=9606 GN=ZYX PE=1 SV=1"
"MAAPRPSPAISVSVSAPAFYAPQKKFGPVVAPKPKVNPFRPGDSEPPPAPGAQRAQMGRV"
"GEIPPPPPEDFPLPPPPLAGDGDDAEGALGGAFPPPPPPIEESFPPAPLEEEIFPSPPPP"
"PEEEGGPEAPIPPPPQPREKVSSIDLEIDSLSSLLDDMTKNDPFKARVSSGYVPPPVATP"
"FSSKSSTKPAAGGTAPLPPWKSPSSSQPLPQVPAPAQSQTQFHVQPQPQPKPQVQLHVQS"
"QTQPVSLANTQPRGPPASSPAPAPKFSPVTPKFTPVASKFSPGAPGGSGSQPNQKLGHPE"
"ALSAGTGSPQPPSFTYAQQREKPRVQEKQHPVPPPAQNQNQVRSPGAPGPLTLKEVEELE"
"QLTQQLMQDMEHPQRQNVAVNELCGRCHQPLARAQPAVRALGQLFHIACFTCHQCAQQLQ"
"GQQFYSLEGAPYCEGCYTDTLEKCNTCGEPITDRMLRATGKAYHPHCFTCVVCARPLEGT"
"SFIVDQANRPHCVPDYHKQYAPRCSVCSEPIMPEPGRDETVRVVALDKNFHMKCYKCEDC"
"GKPLSIEADDNGCFPLDGHVLCRKCHTARAQT"
">sp|Q62523|ZYX_MOUSE Zyxin OS=Mus musculus OX=10090 GN=Zyx PE=1 SV=2"
"MAAPRPPPAISVSVSAPAFYAPQKKFAPVVAPKPKVNPFRPGDSEPPVAAGAQRAQMGRV"
"GEIPPPPPEDFPLPPPPLIGEGDDSEGALGGAFPPPPPPMIEEPFPPAPLEEDIFPSPPP"
"PLEEEGGPEAPTQLPPQPREKVCSIDLEIDSLSSLLDDMTKNDPFKARVSSGYVPPPVAT"
"PFVPKPSTKPAPGGTAPLPPWKTPSSSQPPPQPQAKPQVQLHVQPQAKPHVQPQPVSSAN"
"TQPRGPLSQAPTPAPKFAPVAPKFTPVVSKFSPGAPSGPGPQPNQKMVPPDAPSSVSTGS"
"PQPPSFTYAQQKEKPLVQEKQHPQPPPAQNQNQVRSPGGPGPLTLKEVEELEQLTQQLMQ"
"DMEHPQRQSVAVNESCGKCNQPLARAQPAVRALGQLFHITCFTCHQCQQQLQGQQFYSLE"
"GAPYCEGCYTDTLEKCNTCGQPITDRMLRATGKAYHPQCFTCVVCACPLEGTSFIVDQAN"
"QPHCVPDYHKQYAPRCSVCSEPIMPEPGRDETVRVVALDKNFHMKCYKCEDCGKPLSIEA"
"DDNGCFPLDGHVLCRKCHSARAQT"
">sp|A5H447|ZYX_XENLA Zyxin OS=Xenopus laevis OX=8355 GN=zyx PE=1 SV=1"
"MDPAAPATRMTSSFTINISTPSFYNPPKKFAPVVPPKPKINPFKAPEEPQSLVPQENSAG"
"PGLHQAFVGKVGEMPPGVDHDDFVLPPPPPSEESISPPSSSFPPPPPSFGDEGLGSPSGG"
"SFPPPPPPEFSEPFPPPIEEFFPSPPPLEECVSDTQDLPVPVPPPPPPPLPSPPAAPPPK"
"PSAPCEAPKPAPVFPKSSPPPAFPKPEPPSVAPKAASSIFIPKPSAPMAVAPKPLAPPPV"
"AAKPSGPVSFAPPSPAPHTFSPDPSAPAHTFSPKTVTFSPKSAPHTFMPKPSAPVTYPQK"
"TTEPPAEASQSSPKVTPAAKHEAPPPTVPSGGRAPGFSFAQQRERPRVLEKPRANLQGSE"
"PEHEPTVEVQVERTRSLGPQTESGRSPGAQSTGGKDMKPLPEGLRSQKPMSDGIHRTGGQ"
"HSGHKVTGQQDQTLGSQGLNMKEVEELEMLTQQLMREMDKPPTAEAHSMELCGFCGRGLS"
"RTETVVRAGEHLYHVACFTCSRCDQQLQGQQYYESAGKPLCDECYQDTLECCAVCDKKIT"
"ERLLKAIGKSYHPSCFTCAVCKCSLQGEPFIVDDNKLPHCVNDYHRRYAPRCCVCGDPIA"
"PEPGRDETVRVVALEKNFHMMCYKCEDCGCPLSIEADDAGCFPLDGHVLCKKCHTVRARA"
"ALG"
">sp|Q0VA45|ZYX_XENTR Zyxin OS=Xenopus tropicalis OX=8364 GN=zyx PE=2 SV=1"
"MDPAAPAARMTSSFTINISTPSFYNPPKKFAPVVPPKPKVNPFRAAEEPVPQENSAGPGL"
"RRAFVGKVGQIPSMAPPGGDPEDFVLPPPPPNEEPMSPPGSSFPPPPPSFGDDGPGSPLG"
"LFPPPPPPEFSEPFPPPIEESFPSPPPLEEAAGLSDTQDPPASVPPPPPPLPSPPEPAPP"
"VLCEAPKPAPVLPKPPPPSAFPKPEPPQSVAPKAQSSIFIPKPSPPSAVAPKPVAPPPVA"
"AKPSGPGPFVGPSAAPPTHTPAPPAPAHTFSPKPVAGPTFAPKSASHTFMAKPSAPVFSP"
"KAATEPPTEAPQERFPASQSSPKLTPAAKHEAPPPAAKHEAPPPASATRAPGFSFAQQRD"
"KPRVLEKPRANVRDLVPEPPVETRGERTLGPQAEGGRSFGAQPIGGKDTKPLPEGLRNQT"
"PDGTHRVGGQPGTHRPTPHQDQTSGSQGLNMKEVEELEMLTQQLMQEMDKPTPAAEAHTM"
"ELCGFCGRGLSRTETVVRAGEHLYHVTCFTCSKCEQQLQGQQYYESAGKPLCEECYQDTL"
"ECCAVCEKKITERLLRAIGQAYHPSCFTCAVCKCSLQGEPFIVDDNKLPHCVSDYHRRYA"
"PRCTVCGDPIAPEPGRDETVRVVALEKNFHMMCYKCEDCGCPLSIEADDGGCFPLDGHVL"
"CKKCHTVRARAALG"
">sp|O43149|ZZEF1_HUMAN Zinc finger ZZ-type and EF-hand domain-containing protein 1 OS=Homo sapiens OX=9606 GN=ZZEF1 PE=1 SV=6"
"MGNAPSHSSEDEAAAAGGEGWGPHQDWAAVSGTTPGPGVAAPALPPAAALLEPARLREAA"
"AALLPTPPCESLVSRHRGALFRWLEERLGRGEESVTLEQFRELLEARGAGCSSEQFEEAF"
"AQFDAEGDGTVDAENMLEALKNSSGANLQGELSHIIRQLQACSLVPGFTDIFSESKEGLD"
"IHSSMILRFLHRNRLSSAVMPYPMLEHCNNMCTMRSSVLKESLDQLVQKEKESPGDLTRS"
"PEMDKLKSVAKCYAYIETSSNSADIDKMTNGETSSYWQSDGSACSHWIRLKMKPDVVLRH"
"LSIAVAATDQSYMPQQVTVAVGRNASDLQEVRDVHIPSNVTGYVTLLENANVSQLYVQIN"
"IKRCLSDGCDTRIHGLRAVGFQRVKKSGVSVSDASAIWYWSLLTSLVTASMETNPAFVQT"
"VLHNTQKALRHMPPLSLSPGSTDFSTFLSPNVLEEVDSFLIRITSCCSTPEVELTLLAFA"
"LARGSVAKVMSSLCTITDHLDTQYDASSLILSMASVRQNLLLKYGKPLQLTLQACDVKGK"
"EDKSGPENLLVEPWTRDGFLTETGKTRASTIFSTGTESAFQVTQIRIMVRRGGIGAQCGL"
"VFAYNSSSDKFCAEEHFKRFEKYDKWKLQELRQFVKSRIGCSSDDLGEDDPIGWFELEEE"
"WDEADVKLQQCRVAKYLMVKFLCTRQESAERLGVQGLTISGYLRPARAEAEQSVTCAHCR"
"KDTEESVCGATLLLRTLQFIQQLAHDLVQQKESGLKYKSFLDFAGLDLQIFWNFYSKLKQ"
"NPREECVSAQTLLLQLLQSCFSVLQGDVLAASEEEKAPIQSPKGVEAAKELYTHLCDVVD"
"KVDGDSVPMEILKQEVRNTLLNGAAIFFPNRQTRRNHLFTMMNVTEQEHKQSLQLTFRSL"
"CTYFSDKDPGGLLLLPEKNDLAKMNISEVLAVMDTLVSVAARECELLMLSGAPGEVGSVL"
"FSLFWSVQGSLLSWCYLQLKSTDSGAKDLAVDLIEKYVGQFLASMRAILESLFSQYSGKT"
"IVERLCNSVFSMAARQLVIFLLDFCTLDIPHCVLLREFSVLTELLKKLCSGPEGGLRKLD"
"VETWQQEQPVVLHTWTKESAHNYENNCHEVSVFVSPGATYFEVEFDDRCETEKRYDYLEF"
"TDARGRKTRYDTKVGTDKWPKKVTFKAGPRLQFLFHSDSSHNEWGYKFTVTACGLPDVAV"
"SWGLDLQLLVSRLMGRLASQCMALKSVRQLGSNMVVPQAKMALVLSSPLWKPVFRHQVCP"
"ELELEASWPTHPHRNSKEVKNIPDDPCRHFLLDFAQSEPAQNFCGPYSELFKGFIQACRK"
"QAPKTDIVAGSTIDQAVNATFAALVYRTPDLYEKLQKYVNSGGKIALSEEFAQVYSLADG"
"IRIWMLEMKQKSLMSLGNEAEEKHSSEATEVNPESLAKECIEKSLLLLKFLPTGISSKES"
"CEKLETADETSHLQPLNKRQRTSSVVEEHFQASVSPTEAAPPATGDQSPGLGTQPKLPSS"
"SGLPAADVSPATAEEPLSPSTPTRRPPFTRGRLRLLSFRSMEEARLVPTVKEKYPVLKDV"
"MDFIKDQSLSHRSVVKVLSLRKAQAQSILEVLKITQHCAESLGQPHCFHPPFILFLLELL"
"TCQKDFTNYFGHLEGCGADLHKEIRDTYYQLVLFLVKAVKGFSSLNDRSLLPALSCVQTA"
"LLHLLDMGWEPNDLAFFVDIQLPDLLMKMSQENISVHDSVISQWSEEDELADAKQNSEWM"
"DECQDGMFEAWYEKIAQEDPEKQRKMHMFIARYCDLLNVDISCDGCDEIAPWHRYRCLQC"
"SDMDLCKTCFLGGVKPEGHGDDHEMVNMEFTCDHCQGLIIGRRMNCNVCDDFDLCYGCYA"
"AKKYSYGHLPTHSITAHPMVTIRISDRQRLIQPYIHNYSWLLFAALALYSAHLASAEDVD"
"GEKLDPQTRSSATTLRSQCMQLVGDCLMKAHQGKGLKALALLGVLPDGDSSLEDQALPVT"
"VPTGASEEQLEKKAVQGAELSEAGNGKRAVHEEIRPVDFKQRNKADKGVSLSKDPSCQTQ"
"ISDSPADASPPTGLPDAEDSEVSSQKPIEEKAVTPSPEQVFAECSQKRILGLLAAMLPPL"
"KSGPTVPLIDLEHVLPLMFQVVISNAGHLNETYHLTLGLLGQLIIRLLPAEVDAAVIKVL"
"SAKHNLFAAGDSSIVPDGWKTTHLLFSLGAVCLDSRVGLDWACSMAEILRSLNSAPLWRD"
"VIATFTDHCIKQLPFQLKHTNIFTLLVLVGFPQVLCVGTRCVYMDNANEPHNVIILKHFT"
"EKNRAVIVDVKTRKRKTVKDYQLVQKGGGQECGDSRAQLSQYSQHFAFIASHLLQSSMDS"
"HCPEAVEATWVLSLALKGLYKTLKAHGFEEIRATFLQTDLLKLLVKKCSKGTGFSKTWLL"
"RDLEILSIMLYSSKKEINALAEHGDLELDERGDREEEVERPVSSPGDPEQKKLDPLEGLD"
"EPTRICFLMAHDALNAPLHILRAIYELQMKKTDYFFLEVQKRFDGDELTTDERIRSLAQR"
"WQPSKSLRLEEQSAKAVDTDMIILPCLSRPARCDQATAESNPVTQKLISSTESELQQSYA"
"KQRRSKSAALLHKELNCKSKRAVRDYLFRVNEATAVLYARHVLASLLAEWPSHVPVSEDI"
"LELSGPAHMTYILDMFMQLEEKHEWEKILQKVLQGCREDMLGTMALAACQFMEEPGMEVQ"
"VRESKHPYNNNTNFEDKVHIPGAIYLSIKFDSQCNTEEGCDELAMSSSSDFQQDRHSFSG"
"SQQKWKDFELPGDTLYYRFTSDMSNTEWGYRFTVTAGHLGRFQTGFEILKQMLSEERVVP"
"HLPLAKIWEWLVGVACRQTGHQRLKAIHLLLRIVRCCGHSDLCDLALLKPLWQLFTHMEY"
"GLFEDVTQPGILLPLHRALTELFFVTENRAQELGVLQDYLLALTTDDHLLRCAAQALQNI"
"AAISLAINYPNKATRLWNVEC"
">sp|Q5SSH7|ZZEF1_MOUSE Zinc finger ZZ-type and EF-hand domain-containing protein 1 OS=Mus musculus OX=10090 GN=Zzef1 PE=1 SV=2"
"MGNAPSNSSEDEAAAAGGEGWSPHQDWAADSGTTPGPGPAAAVLPSAAALLEPARLREAA"
"AALRPAPPCESLVSRHHGALLRWLEERLGRGEESVTLEQFRELLEARGAGCSGEQFEEAF"
"AQFDAEGDGTVDAENMLEALKNSSGANLQGELSHVIRQLQACSLVPGFIDIFSESKEGLG"
"IHSSMILRFLHRNRISSMVIPYPMLDHCNNMCTMRSSVLKESLDQLVQKEKESPGDLARS"
"PEMDKLKSVTKCYAYIETSSNPADIYRMTNGETSSYWQSDGSARSHWIRLKMKPDVVLRH"
"LSIAVAATDQSYMPQQVTVAVGRSASDLQEVRDVHIPSNVTGYVTLLENANISQLYVQIN"
"IKRCLSDGCDTRIHGLRAVGFQRVKKSGVSVSDASAIWYWSLLTSLVTASMETNPAFVQT"
"VLHNTQKALQHMPPLSLSPGSTDFSTFLSPNVLEEVDSFLIRITSCCSTPEVELTLLAFA"
"LARGSIAKVMSSLCTITDHLDTQYDASSLISSMASVRQNLLLKYGKPLQLTLQACDVKGK"
"EDKSGPENLLVEPWTRDGFLTETGKTRASTIFSTGSDSAFQVTQIRIMVRRGGIGAQCGL"
"VFAYNSPSNKFHAEEHFKRFEKYDKWKLQELRQFVKSRIGCSSDDLGEDDPIGWFELEEE"
"WDEADVKLQQCRVAKFLMVKFLCTRQESAERLGVQGLSISGYLRPARAEAEQSILYAHCR"
"RDTENIHGATLLLRTLQFIQQLSHDLMQQKESGLKHKSFLDFAGLDLQIFWKFYSKLKQN"
"RREECICAQTLLLKLLQSCFSVLQGDPQAASEEEKPTAQRSEGIQAAKELYTHLCNVVDK"
"PNGNSMPMEILKQEVRNTLLNGAAIFFPDRQTRRSQLFTMMKSVTEHERKQSLQLTFHSL"
"CTYFSDKDPGGLLLLPEKSDLATMNTSEVLAVMNTLLSVAARECELLMLNRSHGAVGSVL"
"FSLFWSVQGSLLSWCFLQLKSTDAAAKELAMDLIEKYVGQFLASMRVILESLLSQYSGKT"
"IVEKLCNSVFSMAARQLVIFLLDFCTLDVSHCTLLREFSTLTELLKKLCSDPEGGLSKLD"
"VETWQQEQPVVLHTWTKESTHNYENNCHEVSVFISPGATYFEVEFDERCETEKRYDYLEF"
"TDSRGGKTRYDTKVGTYKWPKKVTFKDGPRLQFLFHSDSSNNEWGYKFTVTAYGLPDVAV"
"SWGLDLQLLVSRLMGRLASQCMALKSVHQLGSNMAVSQAKLTSVLNSPLWKPVFRHQICP"
"ELELEASWPTHPHKDGKEVKNIPDDPCRHFLLDFAQSEPAQNFCGPYSELFKGFIQACRK"
"QAPKTDIVAGSTIDQAVNATFAALVYRTPDLYEKLQKYVNSGGKIALTEEFSQVYSLADG"
"IRIWMLEMKQKSLLSLGNDSEEKRGLEAAEVNPESLAKECIQKSLLLLKFLPMSKSSKEN"
"CDKLETVDETDHLQPLDRRQRTSSVVEEHFQGSASPTEAATPAAGDRSPALEIQPKLLPS"
"SGPCVAEVSTAEEPSPPSTPTRRPPFTRGRLRLLSFRSMEETRPVPTVKEKYPVLKDVMD"
"FIKDQSLSHESVVKVLSLRKAQGQSILEVLRIIQYCTESLGQPHCFHPPYILFLLELLTC"
"QKDFTNYFGHLEGCGADLHREIRDTYYQLVLFLVKAIKRFSSINDRSLLPALSCVQTALL"
"HLLDMGWEPSDLAFFVDIQLPDLLMNMSQENISVHDSVISQWSEEDELADAKQNSEWMDE"
"CQDGMFEAWYEKIAQEDPEKQRKMHMFIARYCDLLNVDISCDGCDEIAPWHRYRCLQCSD"
"MDLCKTCFLGGVKPEGHGDDHEMVNMEFTCDHCQGLIIGRRMNCNVCDDFDLCYGCYTAK"
"KYSYGHLPTHSITAHPMVTIRISDRQRLIQPYIHNYSWLLFAALALYSAHLTSTEQVDGE"
"QLDPQARTNAATLRSQCMQLVGDCLMKAHQGKGLKALALLGVLPDGDSTSENQALPVTVS"
"FQASEEQADAGLLVPCNGKRAADTEVRPLDYKQKKKAGEDLSIVKDPSCQTQVSDAPASA"
"HVPPGLPDAEHPEVSAQVLVEEKAITPNPEQVFAECSQKRILGLLAAMLPPIKSGPTVPL"
"IDLEHVLPLMFQVVISNAGHLNETYHLTLGLLGQLIIRLQPAEVDAAVMKVLSAKHNLRV"
"GLDWACSMAEILRSLNNAPLWRDVIATFTDHCIKQLPFQLKHTNIFTLLVLVGFPQVLCV"
"GTRCVYMDNANEPHNVIILKHFTEKNRAVIVDVKTRKRKTVKDYQLVQKGGGQECGTSQS"
"QLSQYSQHFAFIASHLLQTSMDSHCPEAVEATWVLSLALKGLYKTLKAHGFEETHATFLQ"
"TDLLKLLVKKCSKGTGFSKTWLLRDLEILSIMLYSSKKEINTLAEHGDLELDERGDQEEE"
"LDRPVSSPGEAEQKKLDPLENLDEPTRICFLMAHDALNAPLHILRAIYELQMKKTDSFFL"
"EVQKRFDGDELTTDERIRSLAQRWQPSRSLRLEEQSAKAVDTDMIILPCLSRPARSDQAT"
"PESNPVTQKLISSTESELQQSYAKQRRSKSAALLHKELNCKSKRAIRDYLFRVNEATSVL"
"YARHVLASLLAEWPGHVPVSEDILELSGPAHMTYILDMFMQLEEKHQWEKILQKVLQGCR"
"ENMLGTMALAACQFMEEPGMEVQVRESKHSYNNNTSFEDKVHIPGAIYLSIKFDPQRNTE"
"EGCDELAMSSSSDFQQDRHNFSGSQQKWKDFELPGDTLYYRFTSDMSNTEWGYRFTVTAG"
"HLGRFQTGFEILKQMLSEERVVPHLALGKIWEWLVGVACRQTGHQRLKAIHLLLRIVQCC"
"SHSDLCDLGLLKPLWQLFTHMEYGLFEDVTQPGILLPLHRALTELFFVTENRAQELGLLQ"
"EYLLALTTEDHLLRCAAQALQNIAAISLAINYPNKATRLWNVEC"
">sp|Q8IYH5|ZZZ3_HUMAN ZZ-type zinc finger-containing protein 3 OS=Homo sapiens OX=9606 GN=ZZZ3 PE=1 SV=1"
"MAASRSTRVTRSTVGLNGLDESFCGRTLRNRSIAHPEEISSNSQVRSRSPKKRPEPVPIQ"
"KGNNNGRTTDLKQQSTRESWVSPRKRGLSSSEKDNIERQAIENCERRQTEPVSPVLKRIK"
"RCLRSEAPNSSEEDSPIKSDKESVEQRSTVVDNDADFQGTKRACRCLILDDCEKREIKKV"
"NVSEEGPLNSAVVEEITGYLAVNGVDDSDSAVINCDDCQPDGNTKQNSIGSYVLQEKSVA"
"ENGDTDTQTSMFLDSRKEDSYIDHKVPCTDSQVQVKLEDHKIVTACLPVEHVNQLTTEPA"
"TGPFSETQSSLRDSEEEVDVVGDSSASKEQCKENTNNELDTSLESMPASGEPEPSPVLDC"
"VSAQMMSLSEPQEHRYTLRTSPRRAAPTRGSPTKNSSPYRENGQFEENNLSPNETNATVS"
"DNVSQSPTNPGEISQNEKGICCDSQNNGSEGVSKPPSEARLNIGHLPSAKESASQHITEE"
"EDDDPDVYYFESDHVALKHNKDYQRLLQTIAVLEAQRSQAVQDLESLGRHQREALKNPIG"
"FVEKLQKKADIGLPYPQRVVQLPEIVWDQYTHSLGNFEREFKNRKRHTRRVKLVFDKVGL"
"PARPKSPLDPKKDGESLSYSMLPLSDGPEGSSSRPQMIRGRLCDDTKPETFNQLWTVEEQ"
"KKLEQLLIKYPPEEVESRRWQKIADELGNRTAKQVASRVQKYFIKLTKAGIPVPGRTPNL"
"YIYSKKSSTSRRQHPLNKHLFKPSTFMTSHEPPVYMDEDDDRSCFHSHMNTAVEDASDDE"
"SIPIMYRNLPEYKELLQFKKLKKQKLQQMQAESGFVQHVGFKCDNCGIEPIQGVRWHCQD"
"CPPEMSLDFCDSCSDCLHETDIHKEDHQLEPIYRSETFLDRDYCVSQGTSYNYLDPNYFP"
"ANR"
">sp|Q6KAQ7|ZZZ3_MOUSE ZZ-type zinc finger-containing protein 3 OS=Mus musculus OX=10090 GN=Zzz3 PE=1 SV=2"
"MVGTCHSMAASRSTRVTRSTVGLNGLDESFCGRTLRNRSIAHPEEISSHSQVRSRSPKKR"
"AEPVPTQKGTNNGRTSDVRQQSARDSWVSPRKRRLSSSEKDDLERQALESCERRQAEPAP"
"PVFKNIKRCLRAEATNSSEEDSPVKPDKEPGEHRRIVVDHDADFQGAKRACRCLILDDCE"
"KREVKKVNVSEEGPLNAAVVEEITGYLTVNGVDDSDSAVINCDDCQPDGNTKQNNPGSCV"
"LQEESVAGDGDSETQTSVFCGSRKEDSCIDHFVPCTKSDVQVKLEDHKLVTACLPVERRN"
"QLTAESASGPVSEIQSSLRDSEEEVDVVGDSSASKEQCNENSSNPLDTGSERMPVSGEPE"
"LSSILDCVSAQMTSLSEPQEHRYTLRTSPRRAALARSSPTKTTSPYRENGQLEETNLSPQ"
"ETNTTVSDHVSESPTDPAEVPQDGKVLCCDSENYGSEGLSKPPSEARVNIGHLPSAKESA"
"SQHTAEEEDDDPDVYYFESDHVALKHNKDYQRLLQTIAVLEAQRSQAVQDLESLGKHQRE"
"ALKNPIGFVEKLQKKADIGLPYPQRVVQLPEIMWDQYTNSLGNFEREFKHRKRHTRRVKL"
"VFDKVGLPARPKSPLDPKKDGESLSYSMLPLSDGPEGSHNRPQMIRGRLCDDSKPETFNQ"
"LWTVEEQKKLEQLLLKYPPEEVESRRWQKIADELGNRTAKQVASRVQKYFIKLTKAGIPV"
"PGRTPNLYIYSRKSSTSRRQHPLNKHLFKPSTFMTSHEPPVYMDEDDDRSCLHSHMSTAA"
"EEASDEESIPIIYRSLPEYKELLQFKKLKKQKLQQMQAESGFVQHVGFKCDNCGVEPIQG"
"VRWHCQDCPPEMSLDFCDSCSDCPHETDIHKEDHQLEPVYKSETFLDRDYCVSQGTSYSY"
"LDPNYFPANR"
">sp|B0BLK0|Z_ALLVP RING finger protein Z OS=Allpahuayo mammarenavirus (isolate Rat/Peru/CLHP-2472/1997) OX=144752 GN=Z PE=3 SV=1"
"MGLRYSKEVRDRHGDKDIEGRVPMTLNLPQGLYGRFNCKSCWFVNKGLIACGDHYLCLGC"
"LTRMLSRTDFCEICSKPLPKKIIFEDSPSAPPYEP"
">sp|A0PJ23|Z_BCNVU RING finger protein Z OS=Bear Canyon mammarenavirus (isolate Mouse/United States/AV A0070039/2000) OX=192848 GN=Z PE=3 SV=1"
"MGLRYSREVKQRYGEKELEGRIPITLDMPQTLYGRYNCKSCWFANKGLIKCSNHYLCLKC"
"LTAMLSRSDYCGICGGILPKKLVFETTPSAPPYTP"
">sp|Q9G058|Z_BPPHM Uncharacterized protein Z OS=Bdellovibrio phage phiMH2K OX=145579 GN=ORFZ PE=4 SV=1"
"MGQLGKIQRSTRQPIGLNGLFDPNNHSTRWWLRKHVHLRSLRNSDTSCKSRDKCSTFQSL"
"QSYL"
">sp|B2C4J2|Z_CHAVB RING finger protein Z OS=Chapare mammarenavirus (isolate Human/Bolivia/810419/2003) OX=499556 GN=Z PE=3 SV=1"
"MGNTKTKDRQYQSNSSQPTNTSAPVLLRRQAEPSLYGRHNCRCCWFADTNLVNCSNHYLC"
"LKCLNTMLRRSNLCDICGEELPTTIIVPVEPSAPLPGQ"
">sp|B0BLK9|Z_CPXVB RING finger protein Z OS=Cupixi mammarenavirus (isolate Rat/Brasil/BeAn 119303/1970) OX=208899 GN=Z PE=3 SV=1"
"MGNCRSKQESHPICPNTQTPEPTEAEFRRAAVNSLYGRYNCKCCWFADRNLINCSDHYLC"
"LRCLNVMLRTSNLCNICWKPLPTRISVPTEPTAPSE"
">sp|Q6UY71|Z_GTOVV RING finger protein Z OS=Guanarito mammarenavirus (isolate Human/Venezuela/NH-95551/1990) OX=45219 GN=Z PE=1 SV=1"
"MGNSKSKSNPSSSSESQKGAPTVTEFRRTAIHSLYGRYNCKCCWFADKNLIKCSDHYLCL"
"RCLNVMLKNSDLCNICWEQLPTCITVPEEPSAPPE"
">sp|Q27YE2|Z_IPPYV RING finger protein Z OS=Ippy mammarenavirus (isolate Rat/Central African Republic/Dak An B 188 d/1970) OX=55096 GN=Z PE=3 SV=1"
"MGQNQSRDKQKAIQNQPKDTGNRADIIPDATGMGPEFCKSCWFERRSLVACNNHYLCMNC"
"LTLLLSVSERCPICKLPLPQKLKLTSSPSAPPSPSPPPYSP"
">sp|Q6IVU5|Z_JUNIN RING finger protein Z OS=Junin mammarenavirus OX=2169991 GN=Z PE=1 SV=1"
"MGNCNGASKSNQPDSSRVTQPAAEFRRVAHSSLYGRYNCKCCWFADTNLITCNDHYLCLR"
"CHQVMLRNSDLCNICWKPLPTTITVPVEPTAPPP"
">sp|O73557|Z_LASSJ RING finger protein Z OS=Lassa virus (strain Mouse/Sierra Leone/Josiah/1976) OX=11622 GN=Z PE=1 SV=4"
"MGNKQAKAPESKDSPRASLIPDATHLGPQFCKSCWFENKGLVECNNHYLCLNCLTLLLSV"
"SNRCPICKMPLPTKLRPSAAPTAPPTGAADSIRPPPYSP"
">sp|A9JR44|Z_LATVB RING finger protein Z OS=Latino mammarenavirus (isolate Rat/Bolivia/MARU 1924/1965) OX=45221 GN=Z PE=3 SV=1"
"MGSKQSAPPKPLQLPQPRVSLLREAKPSLYGRYNCKCCWFQDKNLVECSDHYLCLKCISS"
"MLKRGKNCEICGKAIPTYIEVGITPTAPQLN"
">sp|P18541|Z_LYCVA RING finger protein Z OS=Lymphocytic choriomeningitis virus (strain Armstrong) OX=11624 GN=Z PE=1 SV=3"
"MGQGKSREEKGTNSTNRAEILPDTTYLGPLSCKSCWQKFDSLVRCHDHYLCRHCLNLLLS"
"VSDRCPLCKYPLPTRLKISTAPSSPPPYEE"
">sp|P19326|Z_LYCVP RING finger protein Z (Fragment) OS=Lymphocytic choriomeningitis virus (strain Pasteur) OX=11625 GN=Z PE=3 SV=1"
"PDTTYLGPLNCKSCWQKFDSLVRCHDHYLCRHCLNLLLTSSDRCPLCKYPL"
">sp|P19325|Z_LYCVT RING finger protein Z (Fragment) OS=Lymphocytic choriomeningitis virus (strain Traub) OX=11626 GN=Z PE=3 SV=3"
"MGQSKSKEEKGISGTSRAEILPDTTYLGPLNCKSCWQKFDSFSKCHDHYLCRHCLNLLLT"
"SSDRCPLCKYPL"
">sp|Q6IUF9|Z_MACHU RING finger protein Z OS=Machupo virus OX=11628 GN=Z PE=1 SV=1"
"MGNCNKPPKRPPNTQTSAAQPSAEFRRTALPSLYGRYNCKCCWFADTNLITCNDHYLCLR"
"CHQTMLRNSELCHICWKPLPTSITVPVEPSAPPP"
">sp|Q27YE6|Z_MOBVC RING finger protein Z OS=Mobala mammarenavirus (isolate Rat/Central African Republic/Acar 3080/1983) OX=55097 GN=Z PE=3 SV=1"
"MGQKPSKPKAPPTTYESPRSSLTPDATGFGPEFCKSCWFERKGLIKCQNHYLCMTCLTLL"
"LTVSNRCPVCKYPLPTKLRLEKSPTAPPPEATNPPPYSP"
">sp|B0BLK7|Z_OLVVA RING finger protein Z OS=Oliveros mammarenavirus (isolate Mouse/Argentina/RIID 3229/1990) OX=42764 GN=Z PE=3 SV=1"
"MGSKSSKSSGFENVPSLGLSHTNQPRVSLIREARPSLYGRYNCKCCWFQNKNLVECSDHY"
"LCLKCISSMLRRGQNCEICGKPIPTHIAVTTAPTAPPEP"
">sp|B2MW50|Z_PARVP RING finger protein Z OS=Parana mammarenavirus (isolate Rat/Paraguay/12056/1965) OX=2169994 GN=Z PE=3 SV=1"
"MGLRYSKAVKDKYGDREIEGRATMTLNLPQGLYGRFNCKRCWFATKGLIACSDHYLCLNC"
"LTIMLSDGNFCEVCGKTLPKKIVFEESPSAPPYDG"
">sp|Q6RSS3|Z_PIRVV RING finger protein Z OS=Pirital mammarenavirus (isolate Rat/Venezuela/VAV-488/1995) OX=49891 GN=Z PE=3 SV=1"
"MGLRYSKEVRERHGDKDLEGRVPMTLNLPQGLYGRFNCKSCWFANRGLIACSDHYLCLNC"
"LTRLRSQSQFCGICGKPLPTKIRFEESPSAPPYEP"
">sp|Q6UY62|Z_SABVB RING finger protein Z OS=Sabia mammarenavirus (isolate Human/Brasil/SPH114202/1990) OX=2169992 GN=Z PE=1 SV=1"
"MGNSKSKSKLSANQYEQQTVNSTKQVAILKRQAEPSLYGRHNCRCCWFANTNLIKCSDHY"
"ICLKCLNIMLGKSSFCDICGEELPTSIVVPIEPSAPPPED"
">sp|P08105|Z_SHEEP Putative uncharacterized protein Z OS=Ovis aries OX=9940 PE=4 SV=1"
"MSSSLEITSFYSFIWTPHIGPLLFGIGLWFSMFKEPSHFCPCQHPHFVEVVIPCDSLSRS"
"LRLRVIVLFLAIFFPLLNI"
">sp|Q88470|Z_TACVF RING finger protein Z OS=Tacaribe virus (strain Franze-Fernandez) OX=928313 GN=Z PE=1 SV=3"
"MGNCNRTQKPSSSSNNLEKPPQAAEFRRTAEPSLYGRYNCKCCWFADKNLITCSDHYLCL"
"RCHQIMLRNSELCNICWKPLPTSIRVPLEASAPDL"
">sp|A9JR22|Z_TAMVU RING finger protein Z OS=Tamiami mammarenavirus (isolate Rat/United States/W 10777/1964) OX=45223 GN=Z PE=3 SV=1"
"MGLRYSKEVRDRHGDKDPEGRIPITQTMPQTLYGRYNCKSCWFANKGLIKCSNHYICLRC"
"LTSMLNRTDYCEICGEVLPKRLTFETTPTAPPYTP"
">sp|B2ZDY1|Z_WWAVU RING finger protein Z OS=Whitewater Arroyo mammarenavirus (isolate Rat/United States/AV 9310135/1995) OX=46919 GN=Z PE=3 SV=1"
"MGLRYSKDVKDRYGDREPEGRIPITLNMPQSLYGRYNCKSCWFANKGLLKCSNHYLCLKC"
"LTLMLRRSDYCGICGEVLPKKLVFENSPSAPPYEA"
""
""
